﻿{
"SQLConnection":{
			"istanza":"BTSQLCL05",
			"istanzaProdDotNet":"BTSQLCL05\\BTSQLCL05",
			"database":"CLC",
			"istanzaSetup":"VP-BTSQL02",
			"istanzaTest":"VT-BTSQL04"
	},
	"itextsharp":{
		"dllpath":"C:\\ScriptAdminRoot\\Modify\\itextsharp.dll"
	},
	"WebAPI":{
		"url":"https://backendservizi.gruppomol.lcl/api/v2",
		"urlTest":"https://backendservizitest.gruppomol.lcl/api/v2",
		"user":"cesam_sistema",
		"pwd":"hsagvd54DB-12",
		"userTest":"cesam_sistema",
		"pwdTest":"test",
		"codCliente":"23",
		"codTipoIncarico":"",
		"codArea":"",
		"chiaveCliente":""
	}
}