"NomeFile";"EsitoElaborazione";"Errore"
"20221231_223047_MIFENDPN.PROD.SALDOCC.IA3893ES.HOLAZI";"Importato";""
"20221231_180602_MIFENDPN.PROD.SALDOCC.IA3893CC.HOLAZI";"Importato";""
"20221231_040320_MIFENDPN.PROD.SALDOCC.IA3893CC.BNPAZI";"Importato";""
"20221231_040203_MIFENDPN.PROD.SALDOCC.IA3893CC.BNPAZI";"Importato";""
"20221231_040129_MIFENDPN.PROD.SALDOCC.IA3893CC.BNPAZI";"Importato";""
"20221231_040105_MIFENDPN.PROD.SALDOCC.IA3893CC.BNPAZI";"Importato";""
"20221231_040056_MIFENDPN.PROD.SALDOCC.IA3893CC.BNPAZI";"Importato";""
"20221231_040011_MIFENDPN.PROD.SALDOCC.IA3893CC.BNPAZI";"Importato";""
"20221231_035941_MIFENDPN.PROD.SALDOCC.IA3893CC.BNPAZI";"Importato";""
"20221231_035934_MIFENDPN.PROD.SALDOCC.IA3893CC.BNPAZI";"Importato";""
"20221231_033139_MIFENDPN.PROD.SALDOCC.IA3893CC.BNPAZI";"Importato";""
"20221231_032938_MIFENDPN.PROD.SALDOCC.IA3893CC.BNPAZI";"Importato";""
"20221231_032929_MIFENDPN.PROD.SALDOCC.IA3893CC.BNPAZI";"Importato";""
"20221231_032921_MIFENDPN.PROD.SALDOCC.IA3893ES.BNPAZI";"Importato";""
"20221231_032800_MIFENDPN.PROD.SALDOCC.IA3893CC.BNPAZI";"Importato";""
"20221231_032735_MIFENDPN.PROD.SALDOCC.IA3893CC.BNPAZI";"Importato";""
"20221230_234616_MIFENDPN.PROD.SALDOCC.IA3893CC.HOLAZI";"Importato";""
"20221230_212829_MIFENDPN.PROD.SALDOCC.IA3893ES.HOLAZI";"Importato";""
