"NomeFile";"EsitoElaborazione";"Errore"
"20221109_013533_MIFENDPN.PROD.SALDOCC.IA3893CC.BNPAZI";"Importato";""
"20221109_013307_MIFENDPN.PROD.SALDOCC.IA3893CC.BNPAZI";"Importato";""
"20221109_013208_MIFENDPN.PROD.SALDOCC.IA3893CC.BNPAZI";"Importato";""
"20221109_013057_MIFENDPN.PROD.SALDOCC.IA3893CC.BNPAZI";"Importato";""
"20221109_013019_MIFENDPN.PROD.SALDOCC.IA3893CC.BNPAZI";"Importato";""
"20221109_013012_MIFENDPN.PROD.SALDOCC.IA3893CC.BNPAZI";"Importato";""
"20221109_013005_MIFENDPN.PROD.SALDOCC.IA3893CC.BNPAZI";"Importato";""
"20221109_012959_MIFENDPN.PROD.SALDOCC.IA3893CC.BNPAZI";"Importato";""
"20221109_010408_MIFENDPN.PROD.SALDOCC.IA3893CC.BNPAZI";"Importato";""
"20221109_010248_MIFENDPN.PROD.SALDOCC.IA3893CC.BNPAZI";"Importato";""
"20221109_010239_MIFENDPN.PROD.SALDOCC.IA3893ES.BNPAZI";"Importato";""
"20221109_010213_MIFENDPN.PROD.SALDOCC.IA3893CC.BNPAZI";"Importato";""
"20221109_010121_MIFENDPN.PROD.SALDOCC.IA3893CC.BNPAZI";"Importato";""
"20221109_010110_MIFENDPN.PROD.SALDOCC.IA3893CC.BNPAZI";"Importato";""
"20221109_003933_MIFENDPN.PROD.SALDOCC.IA3893CC.HOLAZI";"Importato";""
"20221108_213745_MIFENDPN.PROD.SALDOCC.IA3893ES.HOLAZI";"Importato";""
