"NomeFile";"EsitoElaborazione";"Errore"
"20221008_222242_MIFENDPN.PROD.SALDOCC.IA3893ES.HOLAZI";"Importato";""
"20221008_180913_MIFENDPN.PROD.SALDOCC.IA3893CC.HOLAZI";"Importato";""
"20221008_013834_MIFENDPN.PROD.SALDOCC.IA3893CC.BNPAZI";"Importato";""
"20221008_013743_MIFENDPN.PROD.SALDOCC.IA3893CC.BNPAZI";"Importato";""
"20221008_013735_MIFENDPN.PROD.SALDOCC.IA3893CC.BNPAZI";"Importato";""
"20221008_013657_MIFENDPN.PROD.SALDOCC.IA3893CC.BNPAZI";"Importato";""
"20221008_013527_MIFENDPN.PROD.SALDOCC.IA3893CC.BNPAZI";"Importato";""
"20221008_013520_MIFENDPN.PROD.SALDOCC.IA3893CC.BNPAZI";"Importato";""
"20221008_013513_MIFENDPN.PROD.SALDOCC.IA3893CC.BNPAZI";"Importato";""
"20221008_013506_MIFENDPN.PROD.SALDOCC.IA3893CC.BNPAZI";"Importato";""
"20221008_011132_MIFENDPN.PROD.SALDOCC.IA3893CC.BNPAZI";"Importato";""
"20221008_010906_MIFENDPN.PROD.SALDOCC.IA3893CC.BNPAZI";"Importato";""
"20221008_010854_MIFENDPN.PROD.SALDOCC.IA3893ES.BNPAZI";"Importato";""
"20221008_010847_MIFENDPN.PROD.SALDOCC.IA3893CC.BNPAZI";"Importato";""
"20221008_010750_MIFENDPN.PROD.SALDOCC.IA3893CC.BNPAZI";"Importato";""
"20221008_010702_MIFENDPN.PROD.SALDOCC.IA3893CC.BNPAZI";"Importato";""
"20221008_001235_MIFENDPN.PROD.SALDOCC.IA3893CC.HOLAZI";"Importato";""
"20221007_220825_MIFENDPN.PROD.SALDOCC.IA3893ES.HOLAZI";"Importato";""
