"NomeFile";"EsitoElaborazione";"Errore"
"20220923_150856_MIFENDPN.PROD.SALDOCC.IA3893CC.BNPAZI";"Importato";""
"20220923_150736_MIFENDPN.PROD.SALDOCC.IA3893CC.BNPAZI";"Importato";""
"20220923_150701_MIFENDPN.PROD.SALDOCC.IA3893CC.BNPAZI";"Importato";""
"20220923_150648_MIFENDPN.PROD.SALDOCC.IA3893CC.BNPAZI";"Importato";""
"20220923_150501_MIFENDPN.PROD.SALDOCC.IA3893CC.BNPAZI";"Importato";""
"20220923_150455_MIFENDPN.PROD.SALDOCC.IA3893CC.BNPAZI";"Importato";""
"20220923_150449_MIFENDPN.PROD.SALDOCC.IA3893CC.BNPAZI";"Importato";""
"20220923_150442_MIFENDPN.PROD.SALDOCC.IA3893CC.BNPAZI";"Importato";""
"20220923_143804_MIFENDPN.PROD.SALDOCC.IA3893CC.BNPAZI";"Importato";""
"20220923_143600_MIFENDPN.PROD.SALDOCC.IA3893ES.BNPAZI";"Importato";""
"20220923_143551_MIFENDPN.PROD.SALDOCC.IA3893CC.BNPAZI";"Importato";""
"20220923_143543_MIFENDPN.PROD.SALDOCC.IA3893CC.BNPAZI";"Importato";""
"20220923_143430_MIFENDPN.PROD.SALDOCC.IA3893CC.BNPAZI";"Importato";""
"20220923_143413_MIFENDPN.PROD.SALDOCC.IA3893CC.BNPAZI";"Importato";""
