{
	"SQLConnection":{
		"istanza_OLD":"BTSQLCL05",
		"istanzaProdDotNet_OLD":"BTSQLCL05\\BTSQLCL05",
		"istanza":"db-clc-prodbt",
		"istanzaProdDotNet":"db-clc-prodbt",
		"database":"CLC",
		"istanzaSetup":"db-clc-setupbt",
		"istanzaTest":"db-clc-testest"
	},
	"itextsharp":{
		"dllpath":"C:\\ScriptAdminRoot\\Modify\\itextsharp.dll"
	},
	"WebAPI":{
		"url":"https://backendservizi.gruppomol.lcl/api/v2",
		"urlTest":"https://backendservizitest.gruppomol.lcl/api/v2",
		"user":"cesam_sistema",
		"pwd":"hsagvd54DB-12",
		"userTest":"cesam_sistema",
		"pwdTest":"test",
		"codCliente":"23",
		"codTipoIncarico":"",
		"codArea":"",
		"chiaveCliente":""
	}
}