{
	"ScratchName":"Tasks\\Temp\\Rendicontazione\\",
	"sftp":{
		"hostname":"10.0.0.211",
		"username":"wintelteam",
		"password":"pheb4iemiPhu",
		"fingerprint":"ssh-rsa 2048 26:fe:59:67:af:37:63:0d:20:e5:d2:12:6c:bc:fe:a9",
		"remotePath":"/dataIN/FlussoBanco/",
		"elabPath":"/dataIN/FlussoBanco/Elab/"
	},
	"SQLConnection":{
		"istanza_OLD":"BTSQLCL05",
		"istanzaProdDotNet_OLD":"BTSQLCL05\\BTSQLCL05",
		"istanza":"db-clc-prodbt",
		"istanzaProdDotNet":"db-clc-prodbt",
		"database":"CLC",
		"istanzaSetup":"db-clc-setupbt",
		"istanzaTest":"db-clc-testest"
	},
	"mailing":{
		"smtp":"172.24.206.182",
		"from":"ImportRendicontazioneBPM@gruppomol.it",
		"to":["case.terze@azimut.cesamoffice.it","bonifici.fondi@azimut.cesamoffice.it"],
		"bcc": ["sos@azimut.cesamoffice.it","lorenzo.fiori@gruppomol.it"]
	},
	"WinScp":{
		"dllpath":"C:\\Program Files (x86)\\WinSCP\\WinSCPnet.dll"
	},
	"itextsharp":{
		"dllpath":"C:\\ScriptAdminRoot\\Modify\\itextsharp.dll"
	},
	"WebAPI":{
		"url":"https://backendservizi.gruppomol.lcl/api/v1",
		"user":"cesam_sistema",
		"pwd":"hsagvd54DB-12",
		"codCliente":"23",
		"codTipoIncarico":"337",
		"codArea":"8",
		"chiaveCliente":"cesam_sistema{hsagvd54DB-12}"
	},
	"webservice":{
		"uri":"http://10.200.80.101/wsimportadocumentigenerici/WsImportaDocumenti.asmx?wsdl",
		"url":"http://10.200.80.101/wsimportadocumentigenerici/WsImportaDocumenti.asmx"
	}
}
	