{
	"ScratchName":"Tasks\\Temp\\CESAM_AZ_UPLOADFILE_ICBPI_AZISF\\",
	"sftp":{
		"hostname":"fileway.previnet.it",
		"username":"cesamazimutsfftp",
		"password":"CesAzisf!2020",
		"fingerprint":"ssh-rsa 2048 1f:71:a8:65:3e:da:07:a3:cb:b9:4b:3f:81:40:3a:ea",
		"remotePath":"/toPrevinet",
		"elabPath":""
	},
	"SQLConnection":{
		"istanza_OLD":"BTSQLCL05",
		"istanzaProdDotNet_OLD":"BTSQLCL05\\BTSQLCL05",
		"istanza":"db-clc-prodbt",
		"istanzaProdDotNet":"db-clc-prodbt",
		"database":"CLC_Cesam",
		"istanzaSetup":"db-clc-setupbt",
		"istanzaTest":"db-clc-testest"
	},
	"mailing":{
		"smtp":"172.24.206.182",
		"smtpprod":"btwebin01.gruppomol.lcl",
		"from":"info.cesam@gruppomol.it",
		"to":["lorenzo.fiori@gruppomol.it"],
		"cc":["reportdpecesam@gruppomol.it"]
	},
	"WinScp":{
		"dllpath":"C:\\ScriptAdminRoot\\PSTools\\WinSCP-5.15.2-Automation\\WinSCPnet.dll",
		"dllpathLocale":"C:\\Program Files (x86)\\WinSCP\\WinSCPnet.dll"
	},
	"itextsharp":{
		"dllpath":"C:\\ScriptAdminRoot\\PSExternalLibs\\itextsharp\\itextsharp.dll",
		"dllpathLocale":"C:\\ScriptAdminRoot\\Modify\\itextsharp.dll"
	},
	"WebAPI":{
		"url":"https://backendservizi.produzionecesam.gmolapps.lcl/api/v2",
		"urlTest":"https://backendservizi.testesternocesam.gmolapps.lcl/api/v2",
		"user":"cesam_sistema",
		"pwd":"hsagvd54DB-12",
		"userTest":"cesam_sistema",
		"pwdTest":"test"
	}
}
	