{
	"ScratchName":"CESAM_AZ_BPM_RICONCILIAZIONE_CONTABILI",
	"SQLConnection":{
		"istanza":"db-clc-prodbt",
		"istanzaProdDotNet":"db-clc-prodbt",
		"database":"CLC_Cesam",
		"istanzaSetup":"db-clc-setupbbt",
		"istanzaTest":"db-clc-testint"
	},
	"mailing":{
		"smtp":"172.24.206.182",
		"from":"cesam_az_riconciliatore@gruppomol.it",
		"to":["case.terze@azimut.cesamoffice.it"],
		"bcc": ["lorenzo.spanu@gruppomol.it","sos@azimut.cesamoffice.it"]
	},
	"WebAPI":{
		"url":"https://backendservizi.gruppomol.lcl/api/v2",
		"urlTest":"https://backendservizitest.gruppomol.lcl/api/v2",
		"user":"cesam_sistema",
		"pwd":"hsagvd54DB-12",
		"userTest":"cesam_sistema",
		"pwdTest":"test",
		"codCliente":"",
		"codTipoIncarico":"",
		"codArea":"",
		"chiaveCliente":""
	}
}
	