{
	"ScratchName":"CESAM_AZ_BNP_RICONCILIAZIONE_CONTABILI",
	"SQLConnection":{
		"istanza":"db-clc-prodbt",
		"istanzaProdDotNet":"db-clc-prodbt",
		"database":"CLC_Cesam",
		"istanzaSetup":"db-clc-setupbt",
		"istanzaTest":"db-clc-testest"
	},
	"mailing":{
		"smtp":"btlogsmtp.gruppomol.lcl",
		"from":"cesam_az_riconciliatore@gruppomol.it",
		"to":["bonifici.fondi@azimut.cesamoffice.it"],
		"bcc": ["reportdpesam@gruppomol.it"]
	},
	"WebAPI":{
		"url":"https://backendservizi.gruppomol.lcl/api/v2",
		"urlTest":"https://backendservizitest.gruppomol.lcl/api/v2",
		"user":"cesam_sistema",
		"pwd":"hsagvd54DB-12",
		"userTest":"cesam_sistema",
		"pwdTest":"test",
		"codCliente":"",
		"codTipoIncarico":"",
		"codArea":"",
		"chiaveCliente":""
	}
}
	