{
	"SQLConnection":{
		"istanza_OLD":"BTSQLCL05",
		"istanzaProdDotNet_OLD":"BTSQLCL05\\BTSQLCL05",
		"istanza":"db-clc-prodbt",
		"istanzaProdDotNet":"db-clc-prodbt",
		"database":"CLC_Cesam",
		"istanzaSetup":"db-clc-setupbt",
		"istanzaTest":"db-clc-testest"
	},
	"itextsharp":{
		"dllpath":"C:\\ScriptAdminRoot\\Modify\\itextsharp.dll"
	},
	"mailing":{
		"smtp":"172.24.206.182",
		"from":"cesam_az_previdenza_convert@gruppomol.it",
		"to":["lorenzo.fiori@gruppomol.it"],
		"bcc": ["lorenzo.fiori@gruppomol.it"]
	},
	"WebAPI":{
		"url":"https://backendservizi.gruppomol.lcl/api/v2",
		"urlTest":"https://backendservizitest.gruppomol.lcl/api/v2",
		"user":"cesam_sistema",
		"pwd":"hsagvd54DB-12",
		"userTest":"cesam_sistema",
		"pwdTest":"test",
		"codCliente":"23",
		"codTipoIncarico":"",
		"codArea":"",
		"chiaveCliente":""
	}
}