{
	"ScratchName":"CESAM_AZ_BNP_RICONCILIAZIONE_CONTABILI",
	"SQLConnection":{
		"istanza_OLD":"BTSQLCL05",
		"istanzaProdDotNet_OLD":"BTSQLCL05\\BTSQLCL05",
		"istanza":"db-clc-prodbt",
		"istanzaProdDotNet":"db-clc-prodbt",
		"database":"CLC_Cesam",
		"istanzaSetup":"db-clc-setupbt",
		"istanzaTest":"db-clc-testest"
	},
	"mailing":{
		"smtp":"172.24.206.182",
		"from":"cesam_az_riconciliatore_fia@gruppomol.it",
		"to":["Antonio.Provvidoni@azimut.cesamoffice.it","cristina.Ielo@azimut.cesamoffice.it","andrea.radice@azimut.cesamoffice.it","simone.andriola@azimut.cesamoffice.it"],
		"bcc": ["nicola.deligia@gruppomol.it","sos@azimut.cesamoffice.it"]
	},
	"WebAPI":{
		"url":"https://backendservizi.gruppomol.lcl/api/v2",
		"urlTest":"https://backendservizitest.gruppomol.lcl/api/v2",
		"user":"cesam_sistema",
		"pwd":"hsagvd54DB-12",
		"userTest":"cesam_sistema",
		"pwdTest":"test",
		"codCliente":"",
		"codTipoIncarico":"",
		"codArea":"",
		"chiaveCliente":""
	}
}
	