{
    "ScratchName": "Tasks\\Temp\\Rendicontazione\\",
    "sftp": {
        "hostname": "10.0.0.211",
        "username": "wintelteam",
        "password": "pheb4iemiPhu",
        "fingerprint": "ssh-rsa 2048 26:fe:59:67:af:37:63:0d:20:e5:d2:12:6c:bc:fe:a9",
        "remotePath": "/dataIN/FlussoBanco/Originali/",
        "elabPath": "/dataIN/FlussoBanco/Originali/Elab/"
    },
    "SQLConnection": {
        "istanza": "db-clc-prodbt",
        "istanzaProdDotNet": "db-clc-prodbt",
        "database": "CLC_Cesam",
        "istanzaSetup": "db-clc-setupbt",
        "istanzaTest": "db-clc-testest"
    },
    "mailing": {
        "smtp": "btlogsmtp.gruppomol.lcl",
        "from": "ImportRendicontazioneBPM@gruppomol.it",
        "to": ["case.terze@azimut.cesamoffice.it","bonifici.fondi@azimut.cesamoffice.it"],
        "bcc": ["sos@azimut.cesamoffice.it","lorenzo.fiori@gruppomol.it","nicola.deligia@gruppomol.it"]
    },
    "WinScp": {
        "dllpath": "C:\\Program Files (x86)\\WinSCP\\WinSCPnet.dll"
    },
    "itextsharp": {
        "dllpath": "C:\\ScriptAdminRoot\\Modify\\itextsharp.dll"
    },
    "WebAPI": {
        "url": "https://backendservizi.produzionecesam.gmolapps.lcl/api/v2",
        "user": "cesam_sistema",
        "pwd": "hsagvd54DB-12",
        "userTest": "lorenzo.fiori",
        "pwdTest": "test",
        "urlTest": "https://backendservizi.testesternocesam.gmolapps.lcl/api/v2",
        "codCliente": "23",
        "codTipoIncarico": "337",
        "codArea": "8",
        "chiaveCliente": "cesam_sistema{hsagvd54DB-12}"
    },
    "webservice": {
        "uri": "https://wsimportadocumentigenerici.produzionecesam.gmolapps.lcl/WsImportaDocumenti.asmx?wsdl",
        "url": "https://wsimportadocumentigenerici.produzionecesam.gmolapps.lcl/WsImportaDocumenti.asmx",
        "uriTest": "http://10.200.83.193/wsimportadocumentigenerici/WsImportaDocumenti.asmx?wsdl",
        "urlTest": "http://10.200.83.193/wsimportadocumentigenerici/WsImportaDocumenti.asmx"
    }
}