{
	"ScratchName":"CESAM_AZ_BNP_RICONCILIAZIONE_CONTABILI",
	"SQLConnection":{
		"istanza":"BTSQLCL05",
		"istanzaProdDotNet":"BTSQLCL05\\BTSQLCL05",
		"database":"CLC",
		"istanzaSetup":"VP-BTSQL02",
		"istanzaTest":"VT-BTSQL04"
	},
	"mailing":{
		"smtp":"192.168.100.143",
		"from":"cesam_az_riconciliatore@gruppomol.it",
		"to":["lorenzo.fiori@gruppomol.it"],
		"bcc": ["lorenzo.fiori@gruppomol.it"]
	},
	"WebAPI":{
		"url":"https://backendservizi.gruppomol.lcl/api/v2",
		"urlTest":"https://backendservizitest.gruppomol.lcl/api/v2",
		"user":"cesam_sistema",
		"pwd":"hsagvd54DB-12",
		"userTest":"cesam_sistema",
		"pwdTest":"test",
		"codCliente":"",
		"codTipoIncarico":"",
		"codArea":"",
		"chiaveCliente":""
	}
}
	